no	nom_fr	nom_en	type1	type2	talents	PV	attaque	defense	attaque_speciale	defense_speciale	vitesse
001	Bulbizarre	Bulbasaur	plante	poison	Engrais/Chlorophylle	45	49	49	65	65	45
002	Herbizarre	Ivysaur	plante	poison	Engrais/Chlorophylle	60	62	63	80	80	60
003	Florizarre	Venusaur	plante	poison	Engrais/Chlorophylle	80	82	83	100	100	80
004	Salamèche	Charmander	feu		Brasier/Force Soleil	39	52	43	60	50	65
005	Reptincel	Charmeleon	feu		Brasier/Force Soleil	58	64	58	80	65	80
006	Dracaufeu	Charizard	feu	vol	Brasier/Force Soleil	78	84	78	109	85	100
007	Carapuce	Squirtle	eau		Torrent/Cuvette	44	48	65	50	64	43
008	Carabaffe	Wartortle	eau		Torrent	59	63	80	65	80	58
009	Tortank	Blastoise	eau		Torrent/Cuvette	79	83	100	85	105	78
010	Chenipan	Caterpie	insecte		Écran Poudre/Fuite	45	30	35	20	20	45
011	Chrysacier	Metapod	insecte		Mue	50	20	55	25	25	30
012	Papilusion	Butterfree	insecte	vol	Œil ComposéLentiteintée	90	45	50	90	80	70
013	Aspicot	Weedle	insecte	poison	Écran Poudre/Fuite	40	35	30	20	20	50
014	Coconfort	Kakuna	insecte	poison	Mue	45	25	50	25	25	35
015	Dardargnan	Beedrill	insecte	poison	Essaim/Sniper/Adaptabilité	65	90	40	45	80	75
016	Roucool	Pidgey	normal	vol	Regard Vif/Pieds Confus/Cœur de Coq	40	45	40	35	35	56
017	Roucoups	Pidgeotto	normal	vol	Regard Vif/Pieds Confus/Cœur de Coq	63	60	55	50	50	71
018	Roucarnage	Pidgeot	normal	vol	Regard Vif/Pieds Confus/Cœur de Coq	83	80	75	70	70	91
019	Rattata	Rattata	normal		Fuite/Cran/Agitation	30	56	35	25	35	72
020	Rattatac	Raticate	normal		Fuite/Cran/Agitation	55	81	60	50	70	97
021	Piafabec	Spearow	normal	vol	Regard Vif/Sniper	40	60	30	31	31	70
022	Rapasdepic	Fearow	normal	vol	Regard Vif/Sniper	65	90	65	61	61	100
023	Abo	Ekans	poison		Intimidation/Mue/Tension	35	60	44	40	54	55
024	Arbok	Arbok	poison		Intimidation/Mue/Tension	60	85	69	65	79	80
025	Pikachu	Pikachu	electrik		Statik/Paratonnerre	35	55	40	50	50	90
026	Raichu	Raichu	electrik		Statik/Paratonnerre	60	90	5	90	80	110
027	Sabelette	Sandshrew	sol		Voile Sable/Baigne Sable	50	75	85	20	30	40
028	Sablaireau	Sandslash	sol		Voile Sable/Baigne Sable	75	100	110	45	55	65
029	Nidoran♀	Nidoran♀	poison		Point Poison/RivalitéAgitation	55	47	52	40	40	41
030	Nidorina	Nidorina	poison		Point Poison/RivalitéAgitation	70	62	67	55	55	56
031	Nidoqueen	Nidoqueen	poison	sol	Point Poison/RivalitéSans Limite	90	92	87	75	85	76
032	Nidoran♂	Nidoran♂	poison		Point Poison/RivalitéAgitation	46	57	40	40	40	50
033	Nidorino	Nidorino	poison		Point Poison/RivalitéAgitation	61	72	57	55	55	65
034	Nidoking	Nidoking	poison	sol	Point Poison/RivalitéSans Limite	81	102	77	85	75	85
035	Mélofée	Clefairy	fee		Joli Sourire/Garde Magik/Garde Amie	70	45	48	60	65	35
036	Mélodelfe	Clefable	fee		Joli Sourire/Garde Magik/Inconscient	95	70	73	95	90	60
037	Goupix	Vulpix	feu		Torche/Sécheresse	38	41	40	50	65	65
038	Feunard	Ninetales	feu		Torche/Sécheresse	73	76	75	81	100	100
039	Rondoudou	Jigglypuff	normal	fee	Joli Sourire/Battant/Garde Amie	115	45	20	45	25	20
040	Grodoudou	Wigglytuff	normal	fee	Joli Sourire/Battant/Fouille	140	70	45	85	50	45
041	Nosferapti	Zubat	poison	vol	Attention/Infiltration	40	45	35	30	40	55
042	Nosferalto	Golbat	poison	vol	Attention/Infiltration	75	80	70	65	75	90
043	Mystherbe	Oddish	plante	poison	Chlorophylle/Fuite	40	50	55	75	65	30
044	Ortide	Gloom	plante	poison	Chlorophylle/Puanteur	60	65	70	85	75	40
045	Rafflesia	Vileplume	plante	poison	Chlorophylle/Pose Spore	75	80	85	100	90	50
046	Paras	Paras	insecte	plante	Pose Spore/Peau Sèche/Moiteur	35	70	55	45	55	25
047	Parasect	Parasect	insecte	plante	Pose Spore/Peau Sèche/Moiteur	60	95	80	60	80	30
048	Mimitoss	Venonat	insecte	poison	Œil ComposéLentiteintée/Fuite	60	55	50	40	55	45
049	Aéromite	Venomoth	insecte	poison	Écran Poudre/Lentiteintée/Peau Miracle	70	65	60	90	75	90
050	Taupiqueur	Diglett	sol		Voile Sable/Piège/Force Sable	10	55	25	35	45	95
051	Triopikeur	Dugtrio	sol		Voile Sable/Piège/Force Sable	35	80	50	50	70	120
052	Miaouss	Meowth	normal		Ramassage/Technicien/Tension	40	45	35	40	40	90
053	Persian	Persian	normal		Échauffement/Technicien/Tension	65	70	60	65	65	115
054	Psykokwak	Psyduck	eau		Moiteur/Ciel Gris/Glissade	50	52	48	65	50	55
055	Akwakwak	Golduck	eau		Moiteur/Ciel Gris/Glissade	80	82	78	95	80	85
056	Férosinge	Mankey	combat		Esprit Vital/Colérique/Acharné	40	80	35	35	45	70
057	Colossinge	Primeape	combat		Esprit Vital/Colérique/Acharné	65	105	60	60	70	95
058	Caninos	Growlithe	feu		Intimidation/Torche/Cœur Noble	55	70	45	70	50	60
059	Arcanin	Arcanine	feu		Intimidation/Torche/Cœur Noble	90	110	80	100	80	95
060	Ptitard	Poliwag	eau		Absorbe-Eau/Moiteur/Glissade	40	50	40	40	40	90
061	Têtarte	Poliwhirl	eau		Absorbe-Eau/Moiteur/Glissade	65	65	65	50	50	90
062	Tartard	Poliwrath	eau	combat	Absorbe-Eau/Moiteur/Glissade	90	85	95	70	90	70
063	Abra	Abra	psy		Synchro/Attention/Garde Magik	25	20	15	105	55	90
064	Kadabra	Kadabra	psy		Synchro/Attention/Garde Magik	40	35	30	120	70	105
065	Alakazam	Alakazam	psy		Synchro/Attention/Garde Magik	55	50	45	135	120	135
066	Machoc	Machop	combat		Cran/Annule Garde/Impassible	70	80	50	35	35	35
067	Machopeur	Machoke	combat		Cran/Annule Garde/Impassible	80	100	70	50	60	45
068	Mackogneur	Machamp	combat		Cran/Annule Garde/Impassible	90	130	80	65	85	65
069	Chétiflor	Bellsprout	plante	poison	Chlorophylle/Gloutonnerie	50	70	35	70	30	40
070	Boustiflor	Weepinbell	plante	poison	Chlorophylle/Gloutonnerie	65	90	50	85	45	55
071	Empiflor	Victreebel	plante	poison	Chlorophylle/Gloutonnerie	80	105	65	100	60	70
072	Tentacool	Tentacool	eau	poison	Corps Sain/Suintement/Cuvette	40	40	35	50	100	70
073	Tentacruel	Tentacruel	eau	poison	Corps Sain/Suintement/Cuvette	80	70	65	80	120	100
074	Racaillou	Geodude	roche	sol	Tête de Roc/FermetéVoile Sable	40	80	100	30	30	20
075	Gravalanch	Graveler	roche	sol	Tête de Roc/FermetéVoile Sable	55	95	115	45	45	35
076	Grolem	Golem	roche	sol	Tête de Roc/FermetéVoile Sable	80	120	130	55	65	45
077	Ponyta	Ponyta	feu		Fuite/Torche/Corps Ardent	50	85	55	65	65	90
078	Galopa	Rapidash	feu		Fuite/Torche/Corps Ardent	65	100	70	80	80	105
079	Ramoloss	Slowpoke	eau	psy	Benêt/Tempo Perso/Régé-Force	90	65	65	40	40	15
080	Flagadoss	Slowbro	eau	psy	Benêt/Tempo Perso/Régé-Force	95	75	110	100	80	30
081	Magnéti	Magnemite	electrik	acier	Magnépiège/FermetéAnalyste	25	35	70	95	55	45
082	Magnéton	Magneton	electrik	acier	Magnépiège/FermetéAnalyste	80	60	95	120	70	70
083	Canarticho	Farfetch’d	normal	vol	Attention/Regard Vif/Acharné	62	65	55	58	62	52
084	Doduo	Doduo	normal	vol	Fuite/Matinal/Pieds Confus	35	85	45	35	35	75
085	Dodrio	Dodrio	normal	vol	Fuite/Matinal/Pieds Confus	60	110	70	60	60	100
086	Otaria	Seel	eau		Isograisse/Hydratation/Corps Gel	65	45	55	45	70	45
087	Lamantine	Dewgong	eau	glace	Isograisse/Hydratation/Corps Gel	90	70	80	70	95	70
088	Tadmorv	Grimer	poison		Puanteur/Glue/Toxitouche	80	80	50	40	50	25
089	Grotadmorv	Muk	poison		Puanteur/Glue/Toxitouche	105	105	75	65	100	50		
090	Kokiyas	Shellder	eau		Coque Armure/Multi-Coups/Envelocape	30	65	100	45	25	40
091	Crustabri	Cloyster	eau	glace	Coque Armure/Multi-Coups/Envelocape	50	95	180	85	45	70
092	Fantominus	Gastly	spectre	poison	Lévitation	30	35	30	100	35	80
093	Spectrum	Haunter	spectre	poison	Lévitation	45	50	45	115	55	95
094	Ectoplasma	Gengar	spectre	poison	Corps Maudit	60	65	60	130	75	110
095	Onix	Onix	roche	sol	Tête de Roc/FermetéArmurouillée	35	45	160	30	45	70
096	Soporifik	Drowzee	psy		Insomnia/Prédiction/Attention	60	48	45	43	90	42
097	Hypnomade	Hypno	psy		Insomnia/Prédiction/Attention	85	73	70	73	115	67
098	Krabby	Krabby	eau		Hyper Cutter/Coque Armure/Sans Limite	30	105	90	25	25	50
099	Krabboss	Kingler	eau		Hyper Cutter/Coque Armure/Sans Limite	55	130	115	50	50	75
100	Voltorbe	Voltorb	electrik		Statik/Anti-Bruit/Boom Final	40	30	50	55	55	100
101	Electrode	Electrode	electrik		Statik/Anti-Bruit/Boom Final	60	50	70	80	80	140
102	Noeunoeuf	Exeggcute	plante	psy	Chlorophylle/Récolte	60	40	80	60	45	40
103	Noadkoko	Exeggutor	plante	psy	Chlorophylle/Récolte	95	95	85	125	65	55
104	Osselait	Cubone	sol		Tête de Roc/Paratonnerre/Armurbaston	50	50	95	40	50	35
105	Ossatueur	Marowak	sol		Tête de Roc/Paratonnerre/Armurbaston	60	80	110	50	80	45
106	Kicklee	Hitmonlee	combat		Échauffement/Téméraire/Délestage	50	120	53	35	110	87
107	Tygnon	Hitmonchan	combat		Regard Vif/Poing de Fer/Attention	50	105	79	35	110	76
108	Excelangue	Lickitung	normal		Tempo Perso/Benêt/Ciel Gris	90	55	75	60	75	30
109	Smogo	Koffing	poison		Lévitation	40	65	95	60	45	35
110	Smogogo	Weezing	poison		Lévitation	65	90	120	85	70	60
111	Rhinocorne	Rhyhorn	sol	roche	Paratonnerre/Tête de Roc/Téméraire	80	85	95	30	30	25
112	Rhinoféros	Rhydon	sol	roche	Paratonnerre/Tête de Roc/Téméraire	105	130	120	45	45	40
113	Leveinard	Chansey	normal		Médic Nature/SérénitéCœur Soin	250	5	5	35	105	50
114	Saquedeneu	Tangela	plante		Chlorophylle/Feuille Garde/Régé-Force	65	55	115	100	40	60
115	Kangourex	Kangaskhan	normal		Matinal/Querelleur/Attention	105	95	80	40	80	90
116	Hypotrempe	Horsea	eau		Glissade/Sniper/Moiteur	30	40	70	70	25	60
117	Hypocéan	Seadra	eau		Point Poison/Sniper/Moiteur	55	65	95	95	45	85
118	Poissirène	Goldeen	eau		Glissade/Ignifu-Voile/Paratonnerre	45	67	60	35	50	63
119	Poissoroy	Seaking	eau		Glissade/Ignifu-Voile/Paratonnerre	80	92	65	65	80	68
120	Stari	Staryu	eau		Médic Nature/Lumiattirance/Analyste	30	45	55	70	55	85
121	Staross	Starmie	eau	psy	Médic Nature/Lumiattirance/Analyste	60	75	85	100	85	115
122	M. Mime	Mr. Mime	psy	fee	Anti-Bruit/Filtre/Technicien	40	45	65	100	120	90
123	Insécateur	Scyther	insecte	vol	Essaim/Technicien/Impassible	70	110	80	55	80	105
124	Lippoutou	Jynx	glace	psy	Benêt/Prédiction/Peau Sèche	65	50	35	115	95	95
125	Élektek	Electabuzz	electrik		Statik/Esprit Vital	65	83	57	95	85	105
126	Magmar	Magmar	feu		Corps Ardent/Esprit Vital	65	95	57	100	85	93
127	Scarabrute	Pinsir	insecte		Hyper Cutter/Brise Moule/Impudence	65	125	100	55	70	85
128	Tauros	Tauros	normal		Intimidation/Colérique/Sans Limite	75	100	95	40	70	110
129	Magicarpe	Magikarp	eau		Glissade/Phobique	20	10	55	15	20	80
130	Léviator	Gyarados	eau	vol	Intimidation/Impudence	95	125	79	60	100	81
131	Lokhlass	Lapras	eau	glace	Absorbe-Eau/Coque Armure/Hydratation	130	85	80	85	95	60
132	Métamorph	Ditto	normal		Échauffement/Imposteur	48	48	48	48	48	48
133	Évol/i	Eevee	normal		Fuite/AdaptabilitéAnticipation	55	55	50	45	65	55
134	Aquali	Vaporeon	eau		Absorbe-Eau/Hydratation	130	65	60	110	95	65
135	Voltali	Jolteon	electrik		Absorb Volt/Pied Véloce	65	65	60	110	95	130
136	Pyroli	Flareon	feu		Torche/Cran	65	130	60	95	110	65
137	Porygon	Porygon	normal		Calque/Télécharge/Analyste	65	60	70	85	75	40
138	Amonita	Omanyte	roche	eau	Glissade/Coque Armure/Armurouillée	35	40	100	90	55	35
139	Amonistar	Omastar	roche	eau	Glissade/Coque Armure/Armurouillée	70	60	125	115	70	55
140	Kabuto	Kabuto	roche	eau	Glissade/Armurbaston/Armurouillée	30	80	90	55	45	55
141	Kabutops	Kabutops	roche	eau	Glissade/Armurbaston/Armurouillée	60	115	105	65	70	80
142	Ptéra	Aerodactyl	roche	vol	Pression/Tête de Roc/Tension	80	105	65	60	75	130
143	Ronflex	Snorlax	normal		Vaccin/Isograisse/Gloutonnerie	160	110	65	65	110	30
144	Artikodin	Articuno	glace	vol	Pression/Rideau Neige	90	85	100	95	12	85
145	Électhor	Zapdos	electrik	vol	Pression/Statik	90	90	85	125	90	100
146	Sulfura	Moltres	feu	vol	Pression/Corps Ardent	90	100	90	125	85	90
147	Minidraco	Dratini	dragon		MueÉcaille Spéciale	41	64	45	50	50	50
148	Draco	Dragonair	dragon		MueÉcaille Spéciale	61	84	65	70	70	70
149	Dracolosse	Dragonite	dragon	vol	Attention/Multiécaille	91	134	95	100	100	80
150	Mewtwo	Mewtwo	psy		Pression/Tension	106	110	90	154	90	130
151	Mew	Mew	psy		Synchro	100	100	100	100	100	100
152	Germignon	Chikorita	plante		Engrais/Feuille Garde	45	49	65	49	65	45
153	Macronium	Bayleef	plante		Engrais/Feuille Garde	60	62	80	63	80	60
154	Méganium	Meganium	plante		Engrais/Feuille Garde	80	82	100	83	100	80
155	Héricendre	Cyndaquil	feu		Brasier/Torche	39	52	43	60	50	65
156	Feurisson	Quilava	feu		Brasier/Torche	58	64	58	80	65	80
157	Typhlosion	Typhlosion	feu		Brasier/Torche	78	84	78	109	85	100
158	Kaiminus	Totodile	eau		Torrent/Sans Limite	50	65	64	44	48	43
159	Crocrodil	Croconaw	eau		Torrent/Sans Limite	65	80	80	59	63	58
160	Aligatueur	Feraligatr	eau		Torrent/Sans Limite	85	105	100	79	83	78
161	Fouinette	Sentret	normal		Fuite/Regard Vif/Fouille	35	46	34	35	45	20
162	Fouinar	Furret	normal		Fuite/Regard Vif/Fouille	85	76	64	45	55	90
163	Hoothoot	Hoothoot	normal	vol	Insomnia/Regard Vif/Lentiteintée	60	30	30	36	56	50
164	Noarfang	Noctowl	normal	vol	Insomnia/Regard Vif/Lentiteintée	100	50	50	76	96	70
165	Coxy	Ledyba	insecte	vol	Essaim/Matinal/Phobique	40	20	30	40	80	55
166	Coxyclaque	Ledian	insecte	vol	Essaim/Matinal/Poing de Fer	55	35	50	55	110	85
167	Mimigal	Spinarak	insecte	poison	Essaim/Insomnia/Sniper	40	60	40	40	40	30
168	Migalos	Ariados	insecte	poison	Essaim/Insomnia/Sniper	70	90	70	60	60	40
169	Nostenfer	Crobat	poison	vol	Attention/Infiltration	85	90	80	70	80	130
170	Loupio	Chinchou	eau	electrik	Absorb Volt/Lumiattirance/Absorbe-Eau	75	38	38	56	56	67
171	Lanturn	Lanturn	eau	electrik	Absorb Volt/Lumiattirance/Absorbe-Eau	125	58	58	76	76	67
172	Pichu	Pichu	electrik		Statik/Paratonnerre	20	40	15	35	35	60
173	Mélo	Cleffa	fee		Joli Sourire/Garde Magik/Garde Amie	50	25	28	45	55	15
174	Toudoudou	Igglybuff	normal	fee	Joli Sourire/Battant/Garde Amie	90	30	15	40	20	15
175	Togepi	Togepi	fee		SérénitéAgitation/Chanceux	35	20	65	40	65	20
176	Togetic	Togetic	fee	vol	SérénitéAgitation/Chanceux	55	40	85	80	105	40
177	Natu	Natu	psy	vol	Synchro/Matinal/Miroir Magik	40	50	45	70	45	70
178	Xatu	Xatu	psy	vol	Synchro/Matinal/Miroir Magik	65	70	60	95	70	95
179	Wattouat	Mareep	electrik		Statik/Plus	55	40	40	65	45	35
180	Lainergie	Flaaffy	electrik		Statik/Plus	70	55	55	80	60	45
181	Pharamp	Ampharos	electrik		Statik/Plus	90	75	85	115	90	55
182	Joliflor	Bellossom	plante		Chlorophylle/Cœur Soin	75	80	95	90	100	50
183	Marill	Marill	eau	fee	Isograisse/Coloforce/Herbivore	70	20	50	20	50	40
184	Azumarill	Azumarill	eau	fee	Isograisse/Coloforce/Herbivore	100	50	80	60	80	50
185	Simularbre	Sudowoodo	roche		FermetéTête de Roc/Phobique	70	100	115	30	65	30
186	Tarpaud	Politoed	eau		Absorbe-Eau/Moiteur/Crachin	90	75	75	90	100	70
187	Granivol	Hoppip	plante	vol	Chlorophylle/Feuille Garde/Infiltration	35	35	40	35	55	50
188	Floravol	Skiploom	plante	vol	Chlorophylle/Feuille Garde/Infiltration	55	45	50	45	65	80
189	Cotovol	Jumpluff	plante	vol	Chlorophylle/Feuille Garde/Infiltration	75	55	70	55	95	110
190	Capumain	Aipom	normal		Fuite/Ramassage/Multi-Coups	55	70	55	40	55	85
191	Tournegrin	Sunkern	plante		Chlorophylle/Force Soleil/Matinal	30	30	30	30	30	30
192	Héliatronc	Sunflora	plante		Chlorophylle/Force Soleil/Matinal	75	75	55	105	85	30
193	Yanma	Yanma	insecte	vol	Œil ComposéTurbo/Fouille	65	65	45	75	45	95
194	Axoloto	Wooper	eau	sol	Absorbe-Eau/Moiteur/Inconscient	55	45	45	25	25	15
195	Maraiste	Quagsire	eau	sol	Absorbe-Eau/Moiteur/Inconscient	95	85	85	65	65	35
196	Mentali	Espeon	psy		Synchro/Miroir Magik	65	65	60	130	95	110
197	Noctali	Umbreon	tenebres		Synchro/Attention	95	65	110	60	130	65
198	Cornèbre	Murkrow	tenebres	vol	Insomnia/Chanceux/Farceur	60	85	42	85	42	91
199	Roigada	Slowking	eau	psy	Benêt/Tempo Perso/Régé-Force	95	75	80	100	110	30
200	Feuforêve	Misdreavus	spectre		Lévitation	60	60	60	85	85	85
201	Zarbi	Unown	psy		Lévitation	48	72	48	72	48	48
202	Qulbutoké	Wobbuffet	psy		Marque Ombre/Télépathe	190	33	58	33	58	33
203	Girafarig	Girafarig	normal	psy	Attention/Matinal/Herbivore	70	80	65	90	65	85
204	Pomdepik	Pineco	insecte		FermetéEnvelocape	50	65	90	35	35	15
205	Foretress	Forretress	insecte	acier	FermetéEnvelocape	75	90	140	60	60	40
206	Insol/ourdo	Dunsparce	normal		SérénitéFuite/Phobique	100	70	70	65	65	45
207	Scorplane	Gligar	sol	vol	Voile Sable/Hyper Cutter/Vaccin	65	75	105	35	65	85
208	Steelix	Steelix	acier	sol	Tête de Roc/FermetéSans Limite	75	85	200	55	65	30
209	Snubbull	Snubbull	fee		Fuite/Intimidation/Phobique	60	80	50	40	40	30
210	Granbull	Granbull	fee		Pied Véloce/Intimidation/Phobique	90	120	75	60	60	45
211	Qwilfish	Qwilfish	eau	poison	Point Poison/Glissade/Intimidation	65	95	75	55	55	85
212	Cizayox	Scizor	insecte	acier	Essaim/Technicien/Light Metal	70	130	100	55	80	65
213	Caratroc	Shuckle	insecte	roche	FermetéGloutonnerie/Contestation	20	10	230	10	230	5
214	Scarhino	Heracross	insecte	combat	Essaim/Cran/Impudence	80	125	75	40	95	85
215	Farfuret	Sneasel	tenebres	glace	Attention/Regard Vif/Pickpocket	55	95	55	35	75	115
216	Teddiursa	Teddiursa	normal		Ramassage/Pied Véloce/Cherche Miel	60	80	50	50	50	40
217	Ursaring	Ursaring	normal		Cran/Pied Véloce/Tension	90	130	75	75	75	55
218	Limagma	Slugma	feu		Armumagma/Corps Ardent/Armurouillée	40	40	40	70	40	20
219	Volcaropod	Magcargo	feu	roche	Armumagma/Corps Ardent/Armurouillée	50	50	120	80	80	30
220	Marcacrin	Swinub	glace	sol	Benêt/Rideau Neige/Isograisse	50	50	40	30	30	50
221	Cochignon	Piloswine	glace	sol	Benêt/Rideau Neige/Isograisse	100	100	80	60	60	50
222	Corayon	Corsol/a	eau	roche	Agitation/Médic Nature/Régé-Force	55	55	85	65	85	35
223	Rémoraid	Remoraid	eau		Agitation/Sniper/Lunatique	35	65	35	65	35	65
224	Octillery	Octillery	eau		Ventouse/Sniper/Lunatique	75	105	75	105	75	45
225	Cadoizo	Delibird	glace	vol	Esprit Vital/Agitation/Insomnia	45	55	45	65	45	75
226	Démanta	Mantine	eau	vol	Glissade/Absorbe-Eau/Ignifu-Voile	65	40	70	80	140	70
227	Airmure	Skarmory	acier	vol	FermetéRegard Vif/Armurouillée	65	80	140	40	70	70
228	Malosse	Houndour	tenebres	feu	Torche/Matinal/Tension	45	60	30	80	50	65
229	Démolosse	Houndoom	tenebres	feu	Torche/Matinal/Tension	75	90	50	110	80	95
230	Hyporoi	Kingdra	eau	dragon	Glissade/Sniper/Moiteur	75	95	95	95	95	85
231	Phanpy	Phanpy	sol		Ramassage/Voile Sable	90	60	60	40	40	40
232	Donphan	Donphan	sol		FermetéVoile Sable	90	120	120	60	60	50
233	Porygon2	Porygon2	normal		Calque/Télécharge/Analyste	85	80	90	105	95	60
234	Cerfrousse	Stantler	normal		Intimidation/Fouille/Herbivore	73	95	62	85	65	65
235	Queulorior	Smeargle	normal		Tempo Perso/Technicien/Lunatique	55	20	35	20	45	70
236	Debugant	Tyrogue	combat		Cran/Impassible/Esprit Vital	35	35	35	35	35	35
237	Kapoera	Hitmontop	combat		Intimidation/Technicien/Impassible	50	95	95	35	110	70
238	Lippouti	Smoochum	glace	psy	Benêt/Prédiction/Hydratation	45	30	15	85	65	65
239	Élekid	Elekid	electrik		Statik/Esprit Vital	45	63	37	65	55	95
240	Magby	Magby	feu		Corps Ardent/Esprit Vital	45	75	37	70	55	83
241	Écrémeuh	Miltank	normal		Isograisse/Querelleur/Herbivore	95	80	105	40	70	100
242	Leuphorie	Blissey	normal		Médic Nature/SérénitéCœur Soin	255	10	10	75	135	55
243	Raikou	Raikou	electrik		Pression/Attention	90	85	75	115	100	115
244	Entei	Entei	feu		Pression/Attention	115	115	85	90	75	100
245	Suicune	Suicune	eau		Pression/Attention	100	75	115	90	115	85
246	Embrylex	Larvitar	roche	sol	Cran/Voile Sable	50	64	50	45	50	41
247	Ymphect	Pupitar	roche	sol	Mue	70	84	70	65	70	51
248	Tyranocif	Tyranitar	roche	tenebres	Sable Volant/Tension	100	134	110	95	100	61
249	Lugia	Lugia	psy	vol	Pression/Multiécaille	106	90	130	90	154	110
250	Ho-Oh/Ho-	Oh	feu	vol	Pression/Régé-Force	106	130	90	110	154	90
251	Celebi	Celebi	psy	plante	Médic Nature	100	100	100	100	100	100
252	Arcko	Treecko	plante		Engrais/Délestage	40	45	34	65	55	70
253	Massko	Grovyle	plante		Engrais/Délestage	50	65	45	85	65	95
254	Jungko	Sceptile	plante		Engrais/Délestage	70	85	65	105	85	120
255	Poussifeu	Torchic	feu		Brasier/Turbo	45	60	40	70	50	45
256	Galifeu	Combusken	feu	combat	Brasier/Turbo	60	85	60	85	60	55
257	Braségali	Blaziken	feu	combat	Brasier/Turbo	80	120	70	110	70	80
258	Gobou	Mudkip	eau		Torrent/Moiteur	50	70	50	50	50	40
259	Flobio	Marshtomp	eau	sol	Torrent/Moiteur	70	85	70	60	70	50
260	Laggron	Swampert	eau	sol	Torrent/Moiteur	100	110	90	85	90	60
261	Medhyèna	Poochyena	tenebres		Fuite/Pied Véloce/Phobique	35	55	35	30	30	35
262	Grahyèna	Mightyena	tenebres		Intimidation/Pied Véloce/Impudence	70	90	70	60	60	70
263	Zigzaton	Zigzagoon	normal		Ramassage/Gloutonnerie/Pied Véloce	38	30	41	30	41	60
264	Linéon	Linoone	normal		Ramassage/Gloutonnerie/Pied Véloce	78	70	61	50	61	100
265	Chenipotte	Wurmple	insecte		Écran Poudre/Fuite	45	45	35	20	30	20
266	Armulys	Silcoon	insecte		Mue	50	35	55	25	25	15
267	Charmillon	Beau/tifly	insecte	vol	Essaim/Rivalité	60	70	50	100	50	65
268	Blindalys	Cascoon	insecte		Mue	50	35	55	25	25	15
269	Papinox	Dustox	insecte	poison	Écran PoudreŒil Composé	60	50	70	50	90	65
270	Nénupiot	Lotad	eau	plante	Glissade/Cuvette/Tempo Perso	40	30	30	40	50	30
271	Lombre	Lombre	eau	plante	Glissade/Cuvette/Tempo Perso	60	50	50	60	70	50
272	Ludicolo	Ludicolo	eau	plante	Glissade/Cuvette/Tempo Perso	80	70	70	90	100	70
273	Grainipiot	Seedot	plante		Chlorophylle/Matinal/Pickpocket	40	40	50	30	30	30
274	Pifeu/il	Nuzleaf	plante	tenebres	Chlorophylle/Matinal/Pickpocket	70	70	40	60	40	60
275	Tengalice	Shiftry	plante	tenebres	Chlorophylle/Matinal/Pickpocket	90	100	60	90	60	80
276	Nirondelle	Taillow	normal	vol	Cran/Querelleur	40	55	30	30	30	85
277	Hélédelle	Swellow	normal	vol	Cran/Querelleur	60	85	60	50	50	125
278	Goélise	Wingull	eau	vol	Regard Vif/Cuvette	40	30	30	55	30	85
279	Bekipan	Pelipper	eau	vol	Regard Vif/Cuvette	60	50	100	85	70	65
280	Tarsal	Ralts	psy	fee	Synchro/Calque/Télépathe	28	25	25	45	35	40
281	Kirlia	Kirlia	psy	fee	Synchro/Calque/Télépathe	38	35	35	65	55	50
282	Gardevoir	Gardevoir	psy	fee	Synchro/Calque/Télépathe	68	65	65	125	115	80
283	Arakdo	Surskit	insecte	eau	Glissade/Cuvette	40	30	32	50	50	65
284	Maskadra	Masquerain	insecte	vol	Intimidation/Tension	70	60	62	80	82	60
285	Balignon	Shroomish	plante		Pose Spore/Soin Poison/Pied Véloce	60	40	60	40	60	35
286	Chapignon	Breloom	plante	combat	Pose Spore/Soin Poison/Technicien	60	130	80	60	60	70
287	Parecool	Slakoth	normal		Absentéisme	60	60	60	35	35	30
288	Vigoroth	Vigoroth	normal		Esprit Vital	80	80	80	55	55	90
289	Monaflèmit	Slaking	normal		Absentéisme	150	160	100	95	65	100
290	Ningale	Nincada	insecte	sol	Œil ComposéFuite	31	45	90	30	30	40
291	Ninjask	Ninjask	insecte	vol	Turbo/Infiltration	61	90	45	50	50	160
292	Munja	Shedinja	insecte	spectre	Garde Mystik	1	90	45	30	30	40
293	Chuchmur	Whismur	normal		Anti-Bruit/Phobique	64	51	23	51	23	28
294	Ramboum	Loudred	normal		Anti-Bruit/Querelleur	84	71	43	71	43	48
295	Brouhabam	Exploud	normal		Anti-Bruit/Querelleur	104	91	63	91	63	68
296	Makuhita	Makuhita	combat		Isograisse/Cran/Sans Limite	72	60	30	20	30	25
297	Hariyama	Hariyama	combat		Isograisse/Cran/Sans Limite	144	120	60	40	60	50
298	Azurill	Azurill	normal	fee	Isograisse/Coloforce/Herbivore	50	20	40	20	40	20
299	Tarinor	Nosepass	roche		FermetéMagnépiège/Force Sable	30	45	135	45	90	30
300	Skitty	Skitty	normal		Joli Sourire/Normalise/Peau Miracle	50	45	45	35	35	50
301	Delcatty	Delcatty	normal		Joli Sourire/Normalise/Peau Miracle	70	65	65	55	55	70
302	Ténéfix	Sableye	spectre	tenebres	Regard Vif/Frein/Farceur	50	75	75	65	65	50
303	Mysdibule	Mawile	acier	fee	Hyper Cutter/Intimidation/Sans Limite	50	85	85	55	55	50
304	Galekid	Aron	acier	roche	FermetéTête de Roc/Heavy Metal	50	70	100	40	40	30
305	Galegon	Lairon	acier	roche	FermetéTête de Roc/Heavy Metal	60	90	140	50	50	40
306	Galeking	Aggron	acier	roche	FermetéTête de Roc/Heavy Metal	70	110	180	60	60	50
307	Méditikka	Meditite	combat	psy	Force Pure/Télépathe	30	40	55	40	55	60
308	Charmina	Medicham	combat	psy	Force Pure/Télépathe	60	60	75	60	75	80
309	Dynavol/t	Electrike	electrik		Paratonnerre/Statik/Minus	40	45	40	65	40	65
310	Élecsprint	Manectric	electrik		Statik/Paratonnerre/Minus	70	75	60	105	60	105
311	Posipi	Plusle	electrik		Plus/Paratonnerre	60	50	40	85	75	95
312	Négapi	Minun	electrik		Minus/Absorb Volt	60	40	50	75	85	95
313	Muciole	Volbeat	insecte		Lumiattirance/Essaim/Farceur	65	73	55	47	75	85
314	Lumivol/e	Illumise	insecte		Benêt/Lentiteintée/Farceur	65	47	55	73	75	85
315	Rosélia	Roselia	plante	poison	Médic Nature/Point Poison/Feuille Garde	50	60	45	100	80	65
316	Gloupti	Gulpin	poison		Suintement/Glue/Gloutonnerie	70	43	53	43	53	40
317	Avaltout	Swalot	poison		Suintement/Glue/Gloutonnerie	100	73	83	73	83	55
318	Carvanha	Carvanha	eau	tenebres	Peau Dure/Turbo	45	90	20	65	20	65
319	Sharpedo	Sharpedo	eau	tenebres	Peau Dure/Turbo	70	120	40	95	40	95
320	Wailmer	Wailmer	eau		Ignifu-Voile/Benêt/Pression	130	70	35	70	35	60
321	Wailord	Wailord	eau		Ignifu-Voile/Benêt/Pression	170	90	45	90	45	60
322	Chamallot	Numel	feu	sol	Benêt/Simple/Tempo Perso	60	60	40	65	45	35
323	Camérupt	Camerupt	feu	sol	Armumagma/Solide Roc/Colérique	70	100	70	105	75	40
324	Chartor	Torkoal	feu		Écran Fumée/Coque Armure	70	85	140	85	70	20
325	Spoink	Spoink	psy		Isograisse/Tempo Perso/Gloutonnerie	60	25	35	70	80	60
326	Groret	Grumpig	psy		Isograisse/Tempo Perso/Gloutonnerie	80	45	65	90	110	80
327	Spinda	Spinda	normal		Tempo Perso/Pieds Confus/Contestation	60	60	60	60	60	60
328	Kraknoix	Trapinch	sol		Hyper Cutter/Piège/Sans Limite	45	100	45	45	45	10
329	Vibraninf	Vibrava	sol	dragon	Lévitation	50	70	50	50	50	70
330	Libégon	Flygon	sol	dragon	Lévitation	80	100	80	80	80	100
331	Cacnea	Cacnea	plante		Voile Sable/Absorbe-Eau	50	85	40	85	40	35
332	Cacturne	Cacturne	plante	tenebres	Voile Sable/Absorbe-Eau	70	115	60	115	60	55
333	Tylton	Swablu	normal	vol	Médic Nature/Ciel Gris	45	40	60	40	75	50
334	Altaria	Altaria	dragon	vol	Médic Nature/Ciel Gris	75	70	90	70	105	80
335	Mangriff	Zangoose	normal		Vaccin/Rage Poison	73	115	60	60	60	90
336	Séviper	Seviper	poison		Mue/Infiltration	73	100	60	100	60	65
337	Séléroc	Lunatone	roche	psy	Lévitation	70	55	65	95	85	70
338	Solaroc	Solrock	roche	psy	Lévitation	70	95	85	55	65	70
339	Barloche	Barboach	eau	sol	Benêt/Anticipation/Hydratation	50	48	43	46	41	50
340	Barbicha	Whiscash	eau	sol	Benêt/Anticipation/Hydratation	110	76	73	76	71	60
341	Écrapince	Corphish	eau		Hyper Cutter/Coque Armure/Adaptabilité	43	80	65	50	35	35
342	Colhomard	Crawdaunt	eau	tenebres	Hyper Cutter/Coque Armure/Adaptabilité	63	120	85	90	55	55
343	Balbuto	Baltoy	sol	psy	Lévitation	40	40	55	40	70	55
344	Kaorine	Claydol	sol	psy	Lévitation	60	70	105	70	120	75
345	Lilia	Lileep	roche	plante	Ventouse/Lavabo	66	41	77	61	87	23
346	Vacilys	Cradily	roche	plante	Ventouse/Lavabo	86	81	97	81	107	43
347	Anorith	Anorith	roche	insecte	Armurbaston/Glissade	45	95	50	40	50	75
348	Armaldo	Armaldo	roche	insecte	Armurbaston/Glissade	75	125	100	70	80	45
349	Barpau	Feebas	eau		Glissade/Benêt/Adaptabilité	20	15	20	10	55	80
350	Milobellus	Milotic	eau		Écaille Spéciale/Battant/Joli Sourire	95	60	79	100	125	81
352	Kecleon	Kecleon	normal		Déguisement/Protéen	60	90	70	60	120	50
353	Polichombr	Shuppet	spectre		Insomnia/Fouille/Corps Maudit	44	75	35	63	33	45
354	Branette	Banette	spectre		Insomnia/Fouille/Corps Maudit	64	115	65	83	63	65
355	Skelénox	Duskull	spectre		Lévitation/Fouille	20	40	90	30	90	25
356	Téraclope	Dusclops	spectre		Pression/Fouille	40	70	130	60	130	25
357	Tropius	Tropius	plante	vol	Chlorophylle/Force Soleil/Récolte	99	68	83	72	87	51
358	Éoko	Chimecho	psy		Lévitation	65	50	70	95	80	65
359	Absol	Absol	tenebres		Pression/Chanceux/Cœur Noble	65	130	60	75	60	75
360	Okéoké	Wynaut	psy		Marque Ombre/Télépathe	95	23	48	23	48	23
361	Stalgamin	Snorunt	glace		Attention/Corps Gel/Lunatique	50	50	50	50	50	50
362	Oniglali	Glalie	glace		Attention/Corps Gel/Lunatique	80	80	80	80	80	80
363	Obalie	Spheal	glace	eau	Isograisse/Corps Gel/Benêt	70	40	50	55	50	25
364	Phogleur	Sealeo	glace	eau	Isograisse/Corps Gel/Benêt	90	60	70	75	70	45
365	Kaimorse	Walrein	glace	eau	Isograisse/Corps Gel/Benêt	110	80	90	95	90	65
366	Coquiperl	Clamperl	eau		Coque Armure/Phobique	35	64	85	74	55	32
367	Serpang	Huntail	eau		Glissade/Ignifu-Voile	55	104	105	94	75	52
368	Rosabyss	Gorebyss	eau		Glissade/Hydratation	55	84	105	114	75	52
369	Relicanth	Relicanth	eau	roche	Glissade/Tête de Roc/Fermeté	100	90	130	45	65	55
370	Lovdisc	Luvdisc	eau		Glissade/Hydratation	43	30	55	40	65	97
371	Draby	Bagon	dragon		Tête de Roc/Sans Limite	45	75	60	40	30	50
372	Drackhaus	Shelgon	dragon		Tête de Roc/Envelocape	65	95	100	60	50	50
373	Drattak	Salamence	dragon	vol	Intimidation/Impudence	95	135	80	110	80	100
374	Terhal	Beldum	acier	psy	Corps Sain/Light Metal	40	55	80	35	60	30
375	Métang	Metang	acier	psy	Corps Sain/Light Metal	60	75	100	55	80	50
376	Métalosse	Metagross	acier	psy	Corps Sain/Light Metal	80	135	130	95	90	70
377	Regirock	Regirock	roche		Corps Sain/Fermeté	80	100	200	50	100	50
378	Regice	Regice	glace		Corps Sain/Corps Gel	80	50	100	100	200	50
379	Registeel	Registeel	acier		Corps Sain/Light Metal	80	75	150	75	150	50
380	Latias	Latias	dragon	psy	Lévitation	80	80	90	110	130	110
381	Latios	Latios	dragon	psy	Lévitation	80	90	80	130	110	110
382	Kyogre	Kyogre	eau		Crachin	100	100	90	150	140	90
383	Groudon	Groudon	sol		Sécheresse	100	150	140	100	90	90
384	Rayquaza	Rayquaza	dragon	vol	Air Lock	105	150	90	150	90	95
385	Jirachi	Jirachi	acier	psy	Sérénité	100	100	100	100	100	100
387	Tortipouss	Turtwig	plante		Engrais/Coque Armure	55	68	64	45	55	31
388	Boskara	Grotle	plante		Engrais/Coque Armure	75	89	85	55	65	36
389	Torterra	Torterra	plante	sol	Engrais/Coque Armure	95	109	105	75	85	56
390	Ouisticram	Chimchar	feu		Brasier/Poing de Fer	44	58	44	58	44	61
391	Chimpenfeu	Monferno	feu	combat	Brasier/Poing de Fer	64	78	52	78	52	81
392	Simiabraz	Infernape	feu	combat	Brasier/Poing de Fer	76	104	71	104	71	108
393	Tiplouf	Piplup	eau		Torrent/Acharné	53	51	53	61	56	40
394	Prinplouf	Prinplup	eau		Torrent/Acharné	64	66	68	81	76	50
395	Pingoléon	Empoleon	eau	acier	Torrent/Acharné	84	86	88	111	101	60
396	Étourmi	Starly	normal	vol	Regard Vif/Téméraire	40	55	30	30	30	60
397	Étourvol	Staravia	normal	vol	Intimidation/Téméraire	55	75	50	40	40	80
398	Étouraptor	Staraptor	normal	vol	Intimidation/Téméraire	85	120	70	50	50	100
399	Keunotor	Bidoof	normal		Simple/Inconscient/Lunatique	59	45	40	35	40	31
400	Castorno	Bibarel	normal	eau	Simple/Inconscient/Lunatique	79	85	60	55	60	71
401	Crikzik	Kricketot	insecte		Mue/Fuite	37	25	41	25	41	25
402	Mélokrik	Kricketune	insecte		Essaim/Technicien	77	85	51	55	51	65
403	Lixy	Shinx	electrik		RivalitéIntimidation/Cran	45	65	34	40	34	45
404	Luxio	Luxio	electrik		RivalitéIntimidation/Cran	60	85	49	60	49	60
405	Luxray	Luxray	electrik		RivalitéIntimidation/Cran	80	120	79	95	79	70
406	Rozbouton	Budew	plante	poison	Médic Nature/Point Poison/Feuille Garde	40	30	35	50	70	55
407	Roserade	Roserade	plante	poison	Médic Nature/Point Poison/Technicien	60	70	65	125	105	90
408	Kranidos	Cranidos	roche		Brise Moule/Sans Limite	67	125	40	30	30	58
409	Charkos	Rampardos	roche		Brise Moule/Sans Limite	97	165	60	65	50	58
410	Dinoclier	Shieldon	roche	acier	FermetéAnti-Bruit	30	42	118	42	88	30
411	Bastiodon	Bastiodon	roche	acier	FermetéAnti-Bruit	60	52	168	47	138	30
412	Cheniti	Burmy	insecte		Mue/Envelocape	40	29	45	29	45	36
414	Papilord	Mothim	insecte	vol	Essaim/Lentiteintée	70	94	50	94	50	66
415	Apitrini	Combee	insecte	vol	Cherche Miel/Agitation	30	30	42	30	42	71
416	Apireine	Vespiquen	insecte	vol	Pression/Tension	70	80	102	80	102	40
417	Pachirisu	Pachirisu	electrik		Fuite/Ramassage/Absorb Volt	60	45	70	45	90	95
418	Mustébouée	Buizel	eau		Glissade/Ignifu-Voile	55	65	35	60	30	85
419	Mustéflott	Floatzel	eau		Glissade/Ignifu-Voile	85	105	55	85	50	115
420	Ceribou	Cherubi	plante		Chlorophylle	45	35	45	62	53	35
421	Ceriflor	Cherrim	plante		Don Floral	70	60	70	87	78	85
422	Sancoki	Shellos	eau		Glue/Lavabo/Force Sable	76	48	48	57	62	34
423	Tritosor	Gastrodon	eau	sol	Glue/Lavabo/Force Sable	111	83	68	92	82	39
424	Capidextre	Ambipom	normal		Ramassage/Technicien/Multi-Coups	75	100	66	60	66	115
425	Baudrive	Drifloon	spectre	vol	Boom Final/Délestage/Rage Brûlure	90	50	34	60	44	70
426	Grodrive	Drifblim	spectre	vol	Boom Final/Délestage/Rage Brûlure	150	80	44	90	54	80
427	Laporeille	Buneary	normal		Fuite/MaladresseÉchauffement	55	66	44	44	56	85
428	Lockpin	Lopunny	normal		Joli Sourire/MaladresseÉchauffement	65	76	84	54	96	105
429	Magirêve	Mismagius	spectre		Lévitation	60	60	60	105	105	105
430	Corboss	Honchkrow	tenebres	vol	Insomnia/Chanceux/Impudence	100	125	52	105	52	71
431	Chaglam	Glameow	normal		Échauffement/Tempo Perso/Regard Vif	49	55	42	42	37	85
432	Chaffreux	Purugly	normal		Isograisse/Tempo Perso/Acharné	71	82	64	64	59	112
433	Korillon	Chingling	psy		Lévitation	45	30	50	65	50	45
434	Moufouette	Stunky	poison	tenebres	Puanteur/Boom Final/Regard Vif	63	63	47	41	41	74
435	Moufflair	Skuntank	poison	tenebres	Puanteur/Boom Final/Regard Vif	103	93	67	71	61	84
436	Archéomire	Bronzor	acier	psy	Lévitation/Ignifuge/Heavy Metal	57	24	86	24	86	23
437	Archéodong	Bronzong	acier	psy	Lévitation/Ignifuge/Heavy Metal	67	89	116	76	116	33
438	Manzaï	Bonsly	roche		Tête de Roc/FermetéPhobique	50	80	95	10	45	10
439	Mime Jr.	Mime Jr.	psy	fee	Anti-Bruit/Filtre/Technicien	20	25	45	70	90	60
440	Ptiravi	Happiny	normal		Médic Nature/SérénitéGarde Amie	100	5	5	15	65	30
441	Pijako	Chatot	normal	vol	Regard Vif/Pieds Confus/Cœur de Coq	76	65	45	92	42	91
442	Spiritomb	Spiritomb	spectre	tenebres	Pression/Infiltration	50	92	108	92	108	35
443	Griknot	Gible	dragon	sol	Voile Sable/Peau Dure	58	70	45	40	45	42
444	Carmache	Gabite	dragon	sol	Voile Sable/Peau Dure	68	90	65	50	55	82
445	Carchacrok	Garchomp	dragon	sol	Voile Sable/Peau Dure	108	130	95	80	85	102
446	Goinfrex	Munchlax	normal		Ramassage/Isograisse/Gloutonnerie	135	85	40	40	85	5
447	Riolu	Riolu	combat		Attention/Impassible/Farceur	40	70	40	35	40	60
448	Lucario	Lucario	combat	acier	Attention/Impassible/Cœur Noble	70	110	70	115	70	90
449	Hippopotas	Hippopotas	sol		Sable Volant/Force Sable	68	72	78	38	42	32
450	Hippodocus	Hippowdon	sol		Sable Volant/Force Sable	108	112	118	68	72	47
451	Rapion	Skorupi	poison	insecte	Armurbaston/Sniper/Regard Vif	40	50	90	30	55	65
452	Drascore	Drapion	poison	tenebres	Armurbaston/Sniper/Regard Vif	70	90	110	60	75	95
453	Cradopaud	Croagunk	poison	combat	Anticipation/Peau Sèche/Toxitouche	48	61	40	61	40	50
454	Coatox	Toxicroak	poison	combat	Anticipation/Peau Sèche/Toxitouche	83	106	65	86	65	85
455	Vortente	Carnivine	plante		Lévitation	74	100	72	90	72	46
456	Écayon	Finneon	eau		Lavabo/Glissade/Ignifu-Voile	49	49	56	49	61	66
457	Luminéon	Lumineon	eau		Glissade/Lavabo/Ignifu-Voile	69	69	76	69	86	91
458	Babimanta	Mantyke	eau	vol	Glissade/Absorbe-Eau/Ignifu-Voile	45	20	50	60	120	50
459	Blizzi	Snover	plante	glace	Alerte Neige/Anti-Bruit	60	62	50	62	60	40
460	Blizzaroi	Abomasnow	plante	glace	Alerte Neige/Anti-Bruit	90	92	75	92	85	60
461	Dimoret	Weavile	tenebres	glace	Pression/Pickpocket	70	120	65	45	85	125
462	Magnézone	Magnezone	electrik	acier	Magnépiège/FermetéAnalyste	70	70	115	130	90	60
463	Coudlangue	Lickilicky	normal		Benêt/Tempo Perso/Ciel Gris	110	85	95	80	95	50
464	Rhinastoc	Rhyperior	sol	roche	Paratonnerre/Solide Roc/Téméraire	115	140	130	55	55	40
465	Bouldeneu	Tangrowth	plante		Chlorophylle/Feuille Garde/Régé-Force	100	100	125	110	50	50
466	Élekable	Electivire	electrik		MotoriséEsprit Vital	75	123	67	95	85	95
467	Maganon	Magmortar	feu		Corps Ardent/Esprit Vital	75	95	67	125	95	83
468	Togekiss	Togekiss	fee	vol	Agitation/SérénitéChanceux	85	50	95	120	115	80
469	Yanméga	Yanmega	insecte	vol	Turbo/Lentiteintée/Fouille	86	76	86	116	56	95
470	Phyllali	Leafeon	plante		Feuille Garde/Chlorophylle	65	110	130	60	65	95
471	Givrali	Glaceon	glace		Rideau Neige/Corps Gel	65	60	110	130	95	65
472	Scorvol	Gliscor	sol	vol	Hyper Cutter/Voile Sable/Soin Poison	75	95	125	45	75	95
473	Mammochon	Mamoswine	glace	sol	Benêt/Rideau Neige/Isograisse	110	130	80	70	60	80
474	Porygon-Z	Porygon-Z	normal		AdaptabilitéTélécharge/Analyste	85	80	70	135	75	90
475	Gallame	Gallade	psy	combat	Impassible/Cœur Noble	68	125	65	65	115	80
476	Tarinorme	Probopass	roche	acier	FermetéMagnépiège/Force Sable	60	55	145	75	150	40
477	Noctunoir	Dusknoir	spectre		Pression/Fouille	45	100	135	65	135	45
478	Momartik	Froslass	glace	spectre	Rideau Neige/Corps Maudit	70	80	70	80	70	110
479	Motisma	Rotom	electrik	spectre	Lévitation	50	50	77	95	77	91
480	Créhelf	Uxie	psy		Lévitation	75	75	130	75	130	95
481	Créfollet	Mesprit	psy		Lévitation	80	105	105	105	105	80
482	Créfadet	Azelf	psy		Lévitation	75	125	70	125	70	115
483	Dialga	Dialga	acier	dragon	Pression	100	120	120	150	100	90
484	Palkia	Palkia	eau	dragon	Pression/Télépathe	90	120	100	150	100	100
485	Heatran	Heatran	feu	acier	Torche/Corps Ardent	91	90	106	130	106	77
486	Regigigas	Regigigas	normal		Début Calme	110	160	110	80	110	100
488	Cresselia	Cresselia	psy		Lévitation	120	70	120	75	130	85
489	Phione	Phione	eau		Hydratation	80	80	80	80	80	80
490	Manaphy	Manaphy	eau		Hydratation	100	100	100	100	100	100
491	Darkrai	Darkrai	tenebres		Mauvais Rêve	70	90	90	135	90	125
493	Arceus	Arceus	normal		Multi-Type	120	120	120	120	120	120
494	Victini	Victini	psy	feu	Victorieux	100	100	100	100	100	100
495	Vipélierre	Snivy	plante		Engrais/Contestation	45	45	55	45	55	63
496	Lianaja	Servine	plante		Engrais/Contestation	60	60	75	60	75	83
497	Majaspic	Serperior	plante		Engrais/Contestation	75	75	95	75	95	113
498	Gruikui	Tepig	feu		Brasier/Isograisse	65	63	45	45	45	45
499	Grotichon	Pignite	feu	combat	Brasier/Isograisse	90	93	55	70	55	55
500	Roitiflam	Emboar	feu	combat	Brasier/Téméraire	110	123	65	100	65	65
501	Moustillon	Oshawott	eau		Torrent/Coque Armure	55	55	45	63	45	45
502	Mateloutre	Dewott	eau		Torrent/Coque Armure	75	75	60	83	60	60
503	Clamiral	Samurott	eau		Torrent/Coque Armure	95	100	85	108	70	70
504	Ratentif	Patrat	normal		Fuite/Regard Vif/Analyste	45	55	39	35	39	42
505	Miradar	Watchog	normal		Lumiattirance/Regard Vif/Analyste	60	85	69	60	69	77
506	Ponchiot	Lillipup	normal		Esprit Vital/Ramassage/Fuite	45	60	45	25	45	55
507	Ponchien	Herdier	normal		Intimidation/Baigne Sable/Querelleur	65	80	65	35	65	60
508	Mastouffe	Stoutland	normal		Intimidation/Baigne Sable/Querelleur	85	110	90	45	90	80
509	Chacripan	Purrloin	tenebres		Échauffement/Délestage/Farceur	41	50	37	50	37	66
510	Léopardus	Liepard	tenebres		Échauffement/Délestage/Farceur	64	88	50	88	50	106
511	Feuillajou	Pansage	plante		Gloutonnerie/Engrais	50	53	48	53	48	64
512	Feuiloutan	Simisage	plante		Gloutonnerie/Engrais	75	98	63	98	63	101
513	Flamajou	Pansear	feu		Gloutonnerie/Brasier	50	53	48	53	48	64
514	Flamoutan	Simisear	feu		Gloutonnerie/Brasier	75	98	63	98	63	101
515	Flotajou	Panpour	eau		Gloutonnerie/Torrent	50	53	48	53	48	64
516	Flotoutan	Simipour	eau		Gloutonnerie/Torrent	75	98	63	98	63	101
517	Munna	Munna	psy		Prédiction/Synchro/Télépathe	76	25	45	67	55	24
518	Mushana	Musharna	psy		Prédiction/Synchro/Télépathe	116	55	85	107	95	29
519	Poichigeon	Pidove	normal	vol	Cœur de Coq/Chanceux/Rivalité	50	55	50	36	30	43
520	Colombeau	Tranquill	normal	vol	Cœur de Coq/Chanceux/Rivalité	62	77	62	50	42	65
521	Déflaisan	Unfezant	normal	vol	Cœur de Coq/Chanceux/Rivalité	80	115	80	65	55	93
522	Zébibron	Blitzle	electrik		Paratonnerre/MotoriséHerbivore	45	60	32	50	32	76
523	Zéblitz	Zebstrika	electrik		Paratonnerre/MotoriséHerbivore	75	100	63	80	63	116
524	Nodulithe	Roggenrola	roche		FermetéForce Sable	55	75	85	25	25	15
525	Géolithe	Boldore	roche		FermetéForce Sable	70	105	105	50	40	20
526	Gigalithe	Gigalith	roche		FermetéForce Sable	85	135	130	60	80	25
527	Chovsourir	Woobat	psy	vol	Inconscient/Maladresse/Simple	55	45	43	55	43	72
528	Rhinolove	Swoobat	psy	vol	Inconscient/Maladresse/Simple	67	57	55	77	55	114
529	Rototaupe	Drilbur	sol		Baigne Sable/Force Sable/Brise Moule	60	85	40	30	45	68
530	Minotaupe	Excadrill	sol	acier	Baigne Sable/Force Sable/Brise Moule	110	135	60	50	65	88
531	Nanméouïe	Audino	normal		Cœur Soin/Régé-Force/Maladresse	103	60	86	60	86	50
532	Charpenti	Timburr	combat		Cran/Sans Limite/Poing de Fer	75	80	55	25	35	35
533	Ouvrifier	Gurdurr	combat		Cran/Sans Limite/Poing de Fer	85	105	85	40	50	40
534	Bétochef	Conkeldurr	combat		Cran/Sans Limite/Poing de Fer	105	140	95	55	65	45
535	Tritonde	Tympole	eau		Glissade/Hydratation/Absorbe-Eau	50	50	40	50	40	64
536	Batracné	Palpitoad	eau	sol	Glissade/Hydratation/Absorbe-Eau	75	65	55	65	55	69
537	Crapustule	Seismitoad	eau	sol	Glissade/Toxitouche/Absorbe-Eau	105	95	75	85	75	74
538	Judokrak	Throh	combat		Cran/Attention/Brise Moule	120	100	85	30	85	45
539	Karaclée	Sawk	combat		FermetéAttention/Brise Moule	75	125	75	30	75	85
540	Larveyette	Sewaddle	insecte	plante	Essaim/Chlorophylle/Envelocape	45	53	70	40	60	42
541	Couverdure	Swadloon	insecte	plante	Feuille Garde/Chlorophylle/Envelocape	55	63	90	50	80	42
542	Manternel	Leavanny	insecte	plante	Essaim/Chlorophylle/Envelocape	75	103	80	70	80	92
543	Venipatte	Venipede	insecte	poison	Point Poison/Essaim/Turbo	30	45	59	30	39	57
544	Scobolide	Whirlipede	insecte	poison	Point Poison/Essaim/Turbo	40	55	99	40	79	47
545	Brutapode	Scolipede	insecte	poison	Point Poison/Essaim/Turbo	60	100	89	55	69	112
546	Doudouvet	Cottonee	plante	fee	Farceur/Infiltration/Chlorophylle	40	27	60	37	50	66
547	Farfaduvet	Whimsicott	plante	fee	Farceur/Infiltration/Chlorophylle	60	67	85	77	75	116
548	Chlorobule	Petilil	plante		Chlorophylle/Tempo Perso/Feuille Garde	45	35	50	70	50	30
549	Fragilady	Lilligant	plante		Chlorophylle/Tempo Perso/Feuille Garde	70	60	75	110	75	90
551	Mascaïman	Sandile	sol	tenebres	Intimidation/Impudence/Colérique	50	72	35	35	35	65
552	Escroco	Krokorok	sol	tenebres	Intimidation/Impudence/Colérique	60	82	45	45	45	74
553	Crocorible	Krookodile	sol	tenebres	Intimidation/Impudence/Colérique	95	117	70	65	70	92
554	Darumarond	Darumaka	feu		Agitation/Attention	70	90	45	14	45	50
556	Maracachi	Maractus	plante		Absorbe-Eau/Chlorophylle/Lavabo	75	86	67	106	67	60
557	Crabicoque	Dwebble	insecte	roche	FermetéCoque Armure/Armurouillée	50	65	85	35	35	55
558	Crabaraque	Crustle	insecte	roche	FermetéCoque Armure/Armurouillée	70	95	125	65	75	45
559	Baggiguane	Scraggy	tenebres	combat	Mue/Impudence/Intimidation	50	75	70	35	70	48
560	Baggaïd	Scrafty	tenebres	combat	Mue/Impudence/Intimidation	65	90	115	45	115	58
561	Cryptéro	Sigilyph	psy	vol	Peau Miracle/Garde Magik/Lentiteintée	72	58	80	103	80	97
562	Tutafeh	Yamask	spectre		Momie	38	30	85	55	65	30
563	Tutankafer	Cofagrigus	spectre		Momie	58	50	145	95	105	30
564	Carapagos	Tirtouga	eau	roche	Solide Roc/FermetéGlissade	54	78	103	53	45	22
565	Mégapagos	Carracosta	eau	roche	Solide Roc/FermetéGlissade	74	108	133	83	65	32
566	Arkéapti	Archen	roche	vol	Défaitiste	55	112	45	74	45	70
567	Aéroptéryx	Archeops	roche	vol	Défaitiste	75	140	65	112	65	110
568	Miamiasme	Trubbish	poison		Puanteur/Glue/Boom Final	50	50	62	40	62	65
569	Miasmax	Garbodor	poison		Puanteur/Armurouillée/Boom Final	80	95	82	60	82	75
570	Zorua	Zorua	tenebres		Illusion	40	65	40	80	40	65
571	Zoroark	Zoroark	tenebres		Illusion	60	105	60	120	60	105
572	Chinchidou	Minccino	normal		Joli Sourire/Technicien/Multi-Coups	55	50	40	40	40	75
573	Pashmilla	Cinccino	normal		Joli Sourire/Technicien/Multi-Coups	75	95	60	65	60	115
574	Scrutella	Gothita	psy		Fouille/Battant/Marque Ombre	45	30	50	55	65	45
575	Mesmérella	Gothorita	psy		Fouille/Battant/Marque Ombre	60	45	70	75	85	55
576	Sidérella	Gothitelle	psy		Fouille/Battant/Marque Ombre	70	55	95	95	110	65
577	Nucléos	Solosis	psy		Envelocape/Garde Magik/Régé-Force	45	30	40	105	50	20
578	Méios	Duosion	psy		Envelocape/Garde Magik/Régé-Force	65	40	50	125	60	30
579	Symbios‎	Reuniclus	psy		Envelocape/Garde Magik/Régé-Force	110	65	75	125	85	30
580	Couaneton	Ducklett	eau	vol	Regard Vif/Cœur de Coq/Hydratation	62	44	50	44	50	55
581	Lakmécygne	Swanna	eau	vol	Regard Vif/Cœur de Coq/Hydratation	75	87	63	87	63	98
582	Sorbébé	Vanillite	glace		Corps Gel/Armurouillée	36	50	50	65	60	44
583	Sorboul	Vanillish	glace		Corps Gel/Armurouillée	51	65	65	80	75	59
584	Sorbouboul	Vanilluxe	glace		Corps Gel/Armurouillée	71	95	85	110	95	79
585	Vivaldaim	Deerling	normal	plante	Chlorophylle/Herbivore/Sérénité	60	60	50	40	50	75
586	Haydaim	Sawsbuck	normal	plante	Chlorophylle/Herbivore/Sérénité	80	100	70	60	70	95
587	Emolga	Emolga	electrik	vol	Statik/Motorisé	55	75	60	75	60	103
588	Carabing	Karrablast	insecte		Essaim/Mue/Annule Garde	50	75	45	40	45	60
589	Lançargot	Escavalier	insecte	acier	Essaim/Coque Armure/Envelocape	70	135	105	60	105	20
590	Trompignon	Foongus	plante	poison	Pose Spore/Régé-Force	69	55	45	55	55	15
591	Gaulet	Amoonguss	plante	poison	Pose Spore/Régé-Force	114	85	70	85	80	30
592	Viskuse	Frillish	eau	spectre	Absorbe-Eau/Corps Maudit/Moiteur	55	40	50	65	85	40
593	Moyade	Jellicent	eau	spectre	Absorbe-Eau/Corps Maudit/Moiteur	100	60	70	85	105	60
594	Mamanbo	Alomomola	eau		Hydratation/Cœur Soin/Régé-Force	165	75	80	40	45	65
595	Statitik	Joltik	insecte	electrik	Œil ComposéTension/Essaim	50	47	50	57	50	65
596	Mygavol/t	Galvantula	insecte	electrik	Œil ComposéTension/Essaim	70	77	60	97	60	108
597	Grindur	Ferroseed	plante	acier	Épine de Fer	44	50	91	24	86	10
598	Noacier	Ferrothorn	plante	acier	Épine de Fer/Anticipation	74	94	131	54	116	20
599	Tic	Klink	acier		Plus/Minus/Corps Sain	40	55	70	45	60	30
600	Clic	Klang	acier		Plus/Minus/Corps Sain	60	80	95	70	85	50
601	Cliticlic	Klinklang	acier		Plus/Minus/Corps Sain	60	100	115	70	85	90
602	Anchwatt	Tynamo	electrik		Lévitation	35	55	40	45	40	60
603	Lampéroie	Eelektrik	electrik		Lévitation	65	85	70	75	70	40
604	Ohmassacre	Eelektross	electrik		Lévitation	85	115	80	105	80	50
605	Lewsor	Elgyem	psy		Télépathe/Synchro/Analyste	55	55	55	85	55	30
606	Neitram	Beheeyem	psy		Télépathe/Synchro/Analyste	75	75	75	125	95	40
607	Funécire	Litwick	spectre	feu	Torche/Corps Ardent/Infiltration	50	30	55	65	55	20
608	Mélancolux	Lampent	spectre	feu	Torche/Corps Ardent/Infiltration	60	40	60	95	60	55
609	Lugulabre	Chandelure	spectre	feu	Torche/Corps Ardent/Infiltration	60	55	90	145	90	80
610	Coupenotte	Axew	dragon		RivalitéBrise Moule/Tension	46	87	60	30	40	57
611	Incisache	Fraxure	dragon		RivalitéBrise Moule/Tension	66	117	70	40	50	67
612	Tranchodon	Haxorus	dragon		RivalitéBrise Moule/Tension	76	147	90	60	70	97
613	Polarhume	Cubchoo	glace		Rideau Neige/Phobique	55	70	40	60	40	40
614	Polagriffe	Beartic	glace		Rideau Neige/Glissade	95	110	80	70	80	50
615	Hexagel	Cryogonal	glace		Lévitation	70	50	30	95	135	105
616	Escargaume	Shelmet	insecte		Hydratation/Coque Armure/Envelocape	50	40	85	40	65	25
617	Limaspeed	Accelgor	insecte		Hydratation/Glue/Délestage	80	70	40	100	60	145
618	Limonde	Stunfisk	electrik	sol	StatikÉchauffement/Voile Sable	109	66	84	81	99	32
619	Kungfouine	Mienfoo	combat		Régé-Force/Attention/Téméraire	45	85	50	55	50	65
620	Shaofouine	Mienshao	combat		Régé-Force/Attention/Téméraire	65	125	60	95	60	105
621	Drakkarmin	Druddigon	dragon		Peau Dure/Sans Limite/Brise Moule	77	120	90	60	90	48
622	Gringolem	Golett	sol	spectre	Poing de Fer/Maladresse/Annule Garde	59	74	50	35	50	35
623	Golemastoc	Golurk	sol	spectre	Poing de Fer/Maladresse/Annule Garde	89	124	80	55	80	55
624	Scalpion	Pawniard	tenebres	acier	Attention/AcharnéPression	45	85	70	40	40	60
625	Scalproie	Bisharp	tenebres	acier	Attention/AcharnéPression	65	125	100	60	70	70
626	Frison	Bouffalant	normal		Téméraire/Herbivore/Anti-Bruit	95	110	95	40	95	40
627	Furaiglon	Rufflet	normal	vol	Regard Vif/Sans Limite/Acharné	70	83	50	37	50	60
628	Guériaigle	Braviary	normal	vol	Regard Vif/Sans Limite/Acharné	100	123	75	57	75	80
629	Vostourno	Vullaby	tenebres	vol	Cœur de Coq/Envelocape/Armurouillée	70	55	75	45	65	60
630	Vaututrice	Mandibuzz	tenebres	vol	Cœur de Coq/Envelocape/Armurouillée	110	65	105	55	95	80
631	Aflamanoir	Heatmor	feu		Gloutonnerie/TorcheÉcran Fumée	85	97	66	105	66	65
632	Fermite	Durant	insecte	acier	Essaim/Agitation/Absentéisme	58	109	112	48	48	109
633	Solochi	Deino	tenebres	dragon	Agitation	52	65	50	45	50	38
634	Diamat	Zweilous	tenebres	dragon	Agitation	72	85	70	65	70	58
635	Trioxhydre	Hydreigon	tenebres	dragon	Lévitation	92	105	90	125	90	98
636	Pyronille	Larvesta	insecte	feu	Corps Ardent/Essaim	55	85	55	50	55	60
637	Pyrax	Volcarona	insecte	feu	Corps Ardent/Essaim	85	60	65	135	105	100
638	Cobaltium	Cobalion	acier	combat	Cœur Noble	91	90	129	90	72	108
639	Terrakium	Terrakion	roche	combat	Cœur Noble	91	129	90	72	90	108
640	Viridium	Virizion	plante	combat	Cœur Noble	91	90	72	90	129	108
643	Reshiram	Reshiram	dragon	feu	Turbo/Brasier	100	120	100	150	120	90
644	Zekrom	Zekrom	dragon	electrik	Téra-Voltage	100	150	120	120	100	90
646	Kyurem	Kyurem	dragon	glace	Pression	125	130	90	130	90	95
647	Keldeo	Keldeo	eau	combat	Cœur Noble	91	72	90	129	90	108
649	Genesect	Genesect	insecte	acier	Télécharge	71	120	95	120	95	99
650	Marisson	Chespin	plante		Engrais/Pare-Balles	56	61	65	48	45	38
651	Boguérisse	Quilladin	plante		Engrais/Pare-Balles	61	78	95	56	58	57
652	Blindépique	Chesnaught	plante	combat	Engrais/Pare-Balles	88	107	122	74	75	64
653	Feunnec	Fennekin	feu		Brasier/Magicien	40	45	40	62	60	60
654	Roussil	Braixen	feu		Brasier/Magicien	59	59	58	90	70	73
655	Goupelin	Delphox	feu	psy	Brasier/Magicien	75	69	72	114	100	104
656	Grenousse	Froakie	eau		Torrent/Protéen	41	56	40	62	44	71
657	Croâporal	Frogadier	eau		Torrent/Protéen	54	63	52	83	56	97
658	Amphinobi	Greninja	eau	tenebres	Torrent/Synergie/Protéen	72	95	67	103	71	122
659	Sapereau	Bunnelby	normal		Ramassage/Bajoues/Coloforce	38	36	38	32	36	57
660	Excavarenne	Diggersby	normal	sol	Ramassage/Bajoues/Coloforce	85	56	77	50	77	78
661	Passerouge	Fletchling	normal	vol	Cœur de Coq/Ailes Bourrasques	45	50	43	40	38	62
662	Braisillon	Fletchinder	feu	vol	Corps Ardent/Ailes Bourrasques	62	73	55	56	52	84
663	Flambusard	Talonflame	feu	vol	Corps Ardent/Ailes Bourrasques	78	81	71	74	69	126
664	Lépidonille	Scatterbug	insecte		Écran PoudreŒil ComposéGarde Amie	38	35	40	27	25	35
665	Pérégrain	Spewpa	insecte		Mue/Garde Amie	45	22	60	27	30	29
666	Prismillon	Vivillon	insecte	vol	Écran PoudreŒil ComposéGarde Amie	80	52	50	90	50	89
667	Hélionceau	Litleo	feu	normal	RivalitéTension/Impudence	62	50	58	73	54	72
668	Némélios	Pyroar	feu	normal	RivalitéTension/Impudence	86	68	72	109	66	106
669	Flabébé	Flabébé	fee		Flora-Voile/Symbiose	44	38	39	61	79	42
670	Floette	Floette	fee		Flora-Voile/Symbiose	54	45	47	75	98	52
671	Florges	Florges	fee		Flora-Voile/Symbiose	78	65	68	112	154	75
672	Cabriolaine	Skiddo	plante		Herbivore/Toison Herbue	66	65	48	62	57	52
673	Chevroum	Gogoat	plante		Herbivore/Toison Herbue	123	100	62	97	81	68
674	Pandespiègle	Pancham	combat		Poing de Fer/Brise Moule/Querelleur	67	82	62	46	48	43
675	Pandarbare	Pangoro	combat	tenebres	Poing de Fer/Brise Moule/Querelleur	95	124	78	69	71	58
676	Couafarel	Furfrou	normal		Toison Épaisse	75	80	60	65	90	102
677	Psystigri	Espurr	psy		Infiltration/Regard Vif/Tempo Perso	62	48	54	63	60	68
679	Monorpale	Honedge	acier	spectre	Annule Garde	45	80	100	35	37	28
680	Dimoclès	Doublade	acier	spectre	Annule Garde	59	110	150	45	49	35
682	Fluvetin	Spritzee	fee		Cœur Soin/Aroma-Voile	78	52	60	63	65	23
683	Cocotine	Aromatisse	fee		Cœur Soin/Aroma-Voile	101	72	72	99	89	29
684	Sucroquin	Swirlix	fee		Gluco-Voile/Délestage	62	48	66	59	57	49
685	Cupcanaille	Slurpuff	fee		Gluco-Voile/Délestage	82	80	86	85	75	72
686	Sepiatop	Inkay	tenebres	psy	Contestation/Ventouse/Infiltration	53	54	53	37	46	45
687	Sepiatroce	Malamar	tenebres	psy	Contestation/Ventouse/Infiltration	86	92	88	68	75	73
688	Opermine	Binacle	roche	eau	Griffe Dure/Sniper/Pickpocket	42	52	67	39	56	50
689	Golgopathe	Barbaracle	roche	eau	Griffe Dure/Sniper/Pickpocket	72	105	115	54	86	68
690	Venalgue	Skrelp	poison	eau	Point Poison/Toxitouche/Adaptabilité	50	60	60	60	60	30
691	Kravarech	Dragalge	poison	dragon	Point Poison/Toxitouche/Adaptabilité	65	75	90	97	123	44
692	Flingouste	Clauncher	eau		Méga Blaster	50	53	62	58	63	44
693	Gamblast	Clawitzer	eau		Méga Blaster	71	73	88	120	89	59
694	Galvaran	Helioptile	electrik	normal	Peau Sèche/Voile Sable/Force Soleil	44	38	33	61	43	70
695	Iguolta	Heliolisk	electrik	normal	Peau Sèche/Voile Sable/Force Soleil	62	55	52	109	94	109
696	Ptyranidur	Tyrunt	roche	dragon	Prognathe/Fermeté	58	89	77	45	45	48
697	Rexillius	Tyrantrum	roche	dragon	Prognathe/Tête de Roc	82	121	119	69	59	71
698	Amagara	Amaura	roche	glace	Peau Gelée/Alerte Neige	77	59	50	67	63	46
699	Dragmara	Aurorus	roche	glace	Peau Gelée/Alerte Neige	123	77	72	99	92	58
700	Nymphali	Sylveon	fee		Joli Sourire/Peau Féérique	95	65	65	110	130	60
701	Brutalibré	Hawlucha	combat	vol	Échauffement/Délestage/Brise Moule	78	92	75	74	63	118
702	Dedenne	Dedenne	electrik	fee	Bajoues/Ramassage/Plus	67	58	57	81	67	101
703	Strassie	Carbink	roche	fee	Corps Sain/Fermeté	50	50	150	50	150	50
704	Mucuscule	Goomy	dragon		Herbivore/Hydratation/Poisseux	45	50	35	55	75	40
705	Colimucus	Sliggoo	dragon		Herbivore/Hydratation/Poisseux	68	75	53	83	113	60
706	Muplodocus	Goodra	dragon		Herbivore/Hydratation/Poisseux	90	100	70	110	150	80
707	Trousselin	Klefki	acier	fee	Farceur/Magicien	57	80	91	80	87	75
708	Brocélôme	Phantump	spectre	plante	Médic Nature/Fouille/Récolte	43	70	48	50	60	38
709	Desséliande	Trevenant	spectre	plante	Médic Nature/Fouille/Récolte	85	110	76	65	82	56
712	Grelaçon	Bergmite	glace		Tempo Perso/Corps Gel/Fermeté	55	69	85	32	35	28
713	Séracrawl	Avalugg	glace		Tempo Perso/Corps Gel/Fermeté	95	117	184	44	46	28
714	Sonistrelle	Noibat	vol	dragon	Fouille/Infiltration/Télépathe	40	30	35	45	40	55
715	Bruyverne	Noivern	vol	dragon	Fouille/Infiltration/Télépathe	85	70	80	97	80	123
716	Xerneas	Xerneas	fee		Aura Féérique	126	131	95	131	98	99
717	Yveltal	Yveltal	tenebres	vol	Aura Ténébreuse	126	131	95	131	98	99
718	Zygarde	Zygarde	dragon	sol	Aura Inversée/Rassemblement	108	100	121	81	95	95
719	Diancie	Diancie	roche	fee	Corps Sain	50	100	150	100	150	50
721	Volcanion	Volcanion	feu	eau	Absorbe-Eau	80	110	120	130	90	70
722	Brindibou	Rowlet	plante	vol	Engrais/Longue Portée	68	55	55	50	50	42
723	Efflèche	Datrix	plante	vol	Engrais/Longue Portée	78	75	75	70	70	52
724	Archéduc	Decidueye	plante	spectre	Engrais/Longue Portée	78	107	75	100	100	70
725	Flamiaou	Litten	feu		Brasier/Intimidation	45	65	40	60	40	70
726	Matoufeu	Torracat	feu		Brasier/Intimidation	65	85	50	80	50	90
727	Félinferno	Incineroar	feu	tenebres	Brasier/Intimidation	95	110	90	80	90	60
728	Otaquin	Poppolio	eau		Torrent/Hydrata-Son	50	54	54	66	56	40
729	Otarlette	Brionne	eau		Torrent/Hydrata-Son	60	69	69	91	81	50
730	Oratoria	Primarina	eau	fee	Torrent/Hydrata-Son	80	74	74	126	116	60
731	Picassaut	Pikipek	normal	vol	Regard Vif/Multi-Coups/Ramassage	35	75	30	30	30	65
732	Piclairon	Trumbeak	normal	vol	Regard Vif/Multi-Coups/Ramassage	55	85	50	40	50	75
733	Bazoucan	Toucannon	normal	vol	Regard Vif/Multi-Coups/Sans Limite	80	120	75	75	75	60
734	Manglouton	Yungoos	normal		Filature/Prognathe/Adaptabilité	48	70	30	30	30	45
735	Argouste	Gumshoos	normal		Filature/Prognathe/Adaptabilité	88	110	60	55	60	45
736	Larvibule	Grubbin	insecte		Essaim	47	62	45	55	45	46
737	Chrysapile	Charjabug	insecte	electrik	Batterie	57	82	95	55	75	36
738	Lucanon	Vikavol/t	insecte	electrik	Lévitation	77	70	90	145	75	43
739	Crabagarre	Crabrawler	combat		Hyper Cutter/Poing de Fer/Colérique	47	82	57	42	47	63
740	Crabominable	Crabominable	combat	glace	Hyper Cutter/Poing de Fer/Colérique	97	132	77	62	67	43
742	Bombydou	Cutiefly	insecte	fee	Cherche MielÉcran Poudre/Gluco-Voile	40	45	40	55	40	84
743	Rubombelle	Ribombee	insecte	fee	Cherche MielÉcran Poudre/Gluco-Voile	60	55	60	95	70	124
744	Rocabot	Rockruff	roche		Regard Vif/Esprit Vital/Impassible	45	65	40	30	40	60
747	Vorastérie	Mareanie	poison	eau	CruautéÉchauffement/Régé-Force	50	53	62	43	52	45
748	Prédastérie	Toxapex	poison	eau	CruautéÉchauffement/Régé-Force	50	63	152	53	142	35
749	Tiboudet	Mudbray	sol		Tempo Perso/Endurance/Attention	70	100	70	45	55	45
750	Bourrinos	Mudsdale	sol		Tempo Perso/Endurance/Attention	100	125	100	55	85	35
751	Araqua	Dewpider	eau	insecte	Aquabulle/Absorbe-Eau	38	40	52	40	72	27
752	Tarenbulle	Araquanid	eau	insecte	Aquabulle/Absorbe-Eau	68	70	92	50	132	42
753	Mimantis	Fomantis	plante		Feuille Garde/Contestation	40	55	35	50	35	35
754	Floramantis	Lurantis	plante		Feuille Garde/Contestation	70	105	90	80	90	45
755	Spododo	Morelull	plante	fee	Lumiattirance/Pose Spore/Cuvette	40	35	55	65	75	15
756	Lampignon	Shiinotic	plante	fee	Lumiattirance/Pose Spore/Cuvette	60	45	80	90	100	30
757	Tritox	Salandit	poison	feu	Corrosion/Benêt	48	44	40	71	40	77
758	Malamandre	Salazzle	poison	feu	Corrosion/Benêt	68	64	60	111	60	117
759	Nounourson	Stufful	normal	combat	Boule de Poils/Maladresse/Joli Sourire	70	75	50	45	50	50
760	Chelours	Bewear	normal	combat	Boule de Poils/Maladresse/Tension	120	125	80	55	60	60
761	Croquine	Bounsweet	plante		Feuille Garde/Benêt/Gluco-Voile	42	30	38	30	38	32
762	Candine	Steenee	plante		Feuille Garde/Benêt/Gluco-Voile	52	40	48	40	48	62
763	Sucreine	Tsareena	plante		Feuille Garde/Prestance Royale/Gluco-Voile	72	120	98	50	98	72
764	Guérilande	Comfey	fee		Feuille Garde/Prioguérison/Médic Nature	51	52	90	82	110	100
765	Gouroutan	Oranguru	normal	psy	Attention/Télépathe/Symbiose	90	60	80	90	110	60
766	Quartermac	Passimian	combat		Receveur/Acharné	100	120	90	40	60	80
767	Sovkipou	Wimpod	insecte	eau	Escampette	25	35	40	20	30	80
768	Sarmurai	Golisopod	insecte	eau	Repli Tactique	75	125	140	60	90	40
769	Bacabouh	Sandygast	spectre	sol	Sable Humide/Voile Sable	55	55	80	70	45	15
770	Trépassable	Palossand	spectre	sol	Sable Humide/Voile Sable	85	75	110	100	75	35
771	Concombaffe	Pyukumuku	eau		Expuls'Organes/Inconscient	55	60	130	30	130	5
772	Type:0	Type:Null	normal		Armurbaston	95	95	95	95	95	59
773	Silvallié	Silvally	normal		Système Alpha	95	95	95	95	95	95
775	Dodoala	Komala	normal		Hypersommeil	65	115	65	75	95	65
776	Boumata	Turtonator	feu	dragon	Armurbaston	60	78	135	91	85	36
777	Togedemaru	Togedemaru	electrik	acier	Épine de Fer/Paratonnerre/Fermeté	65	98	63	40	73	96
778	Mimiqui	Mimikyu	spectre	fee	Fantômasque	55	90	80	50	106	96
779	Denticrisse	Bruxish	eau	psy	Corps ColoréPrognathe/Peau Miracle	68	105	70	70	70	92
780	Draïeul	Drampa	normal	dragon	Dracolère/Herbivore/Ciel Gris	78	60	85	135	91	36
781	Sinistrail	Dhelmise	spectre	plante	Expert Acier	70	131	100	86	90	40
782	Bébécaille	Jangmo-o	dragon	combat	Pare-Balles/Anti-Bruit/Envelocape	45	55	65	45	45	45
783	Écaïd	Hakamo-o	dragon	combat	Pare-Balles/Anti-Bruit/Envelocape	55	75	90	65	70	65
784	Ékaïser	Kommo-o	dragon	combat	Pare-Balles/Anti-Bruit/Envelocape	75	110	125	100	105	85
785	Tokorico	Tapu Koko	electrik	fee	Créa-Élec/Télépathe	70	115	85	95	75	130
786	Tokopiyon	Tapu Lele	psy	fee	Créa-Psy/Télépathe	70	85	75	130	115	95
787	Tokotoro	Tapu Bulu	plante	fee	Créa-Herbe/Télépathe	70	130	115	85	95	75
788	Tokopisco	Tapu Fini	eau	fee	Créa-Brume/Télépathe	70	75	115	95	130	85
789	Cosmog	Cosmog	psy		Inconscient	43	29	31	29	31	37
790	Cosmovum	Cosmoem	psy		Fermeté	43	29	131	29	131	37
791	Solgaleo	Solgaleo	psy	acier	Métallo-Garde	137	137	107	113	89	97
792	Lunala	Lunala	psy	spectre	Spectro-Bouclier	137	113	89	137	107	97
793	Zéroïd	Nihilego	roche	poison	Boost Chimère	109	53	47	127	131	103
794	Mouscoto	Buzzwole	insecte	combat	Boost Chimère	107	139	139	53	53	79
795	Cancrelove	Pheromosa	insecte	combat	Boost Chimère	71	137	37	137	37	151
796	Cablifère	Xurkitree	electrik		Boost Chimère	83	89	71	173	71	83
797	Bamboiselle	Celesteela	acier	vol	Boost Chimère	97	101	103	107	101	61
798	Katagami	Kartana	plante	acier	Boost Chimère	59	181	131	59	31	109
799	Engloutyran	Guzzlord	tenebres	dragon	Boost Chimère	223	101	53	97	53	43
800	Necrozma	Necrozma	psy		Prisme-Armure	97	107	101	127	89	79
801	Magearna	Magearna	acier	fee	Animacœur	80	95	115	130	115	65
802	Marshadow	Marshadow	combat	spectre	Technicien	90	125	80	90	90	125
803	Vémini	Poipole	poison		Boost Chimère	67	73	67	73	67	73
804	Mandrillon	Naganadel	poison	dragon	Boost Chimère	73	73	73	127	73	121
805	Ama-Ama	Stakataka	roche	acier	Boost Chimère	61	131	211	53	101	13
806	Pierroteknik	Blacephalon	feu	spectre	Boost Chimère	53	127	51	151	79	107
807	Zeraora	Zeraora	electrik		Absorb Volt	88	112	75	102	80	143